Workbook

Sheet Summary
A1: Monetization Model
A2: Basic (Free) | B2: =SkyportHome!D115 -> 0.73404255
A3: Paid | B3: =SkyportHome!D116 -> 0.25531915
A4: Themes
A5: Comfort & Health | B5: =SkyportHome!D107 -> 0.15957447
A6: Energy & Sustainability | B6: =SkyportHome!D108 -> 0.17021277
A7: Ease of Use & Accessibility | B7: =SkyportHome!D109 -> 0.15957447
A8: Trust, Security & Reliability | B8: =SkyportHome!D110 -> 0.29787234
A9: Intelligence & Automation | B9: =SkyportHome!D111 -> 0.13829787
A10: Engagement & Personalization | B10: =SkyportHome!D112 -> 0.074468085
A11: Initiative Type
A12: New Product Integration | B12: =SkyportHome!E99 -> 0.010638298
A13: New Technical Integration | B13: =SkyportHome!E100 -> 0.053191489
A14: New Interoperability Capability | B14: =SkyportHome!E101 -> 0.010638298
A15: New Feature Introduction | B15: =SkyportHome!E102 -> 0.59574468
A16: New Function Introduction | B16: =SkyportHome!E103 -> 0.27659574
A17: Sustaining | B17: =SkyportHome!E104 -> 0.053191489

Sheet SkyportHome
A1: Feature Group | B1: Feature / Function | C1: Initiative Type | D1: End User Category | E1: Monetization Model | F1: Focus Timeframe | G1: Priority | H1: Development
A2: Admin Controls | B2: Account user/email transfer – updates propagate to cloud and thermostat | C2: New Function Introduction | D2: Trust, Security & Reliability | E2: Basic (Free) | F2: Q2 FY26 | G2: 1 | H2: UI + Data
B3: Multi-user role management (Admin vs Guest) | C3: New Feature Introduction | D3: Trust, Security & Reliability | E3: Basic (Free) | F3: Q4 FY26 | G3: 2 | H3: UI + Data
B4: Activation code via email with SMS OTP option | C4: New Function Introduction | D4: Trust, Security & Reliability | E4: Basic (Free) | F4: Q4 FY26 | G4: 2 | H4: UI + Data
B5: Face ID login support | C5: New Feature Introduction | D5: Trust, Security & Reliability | E5: Basic (Free) | F5: Q1 FY26 | G5: 1 | H5: UI only
B6: Fingerprint authentication | C6: New Feature Introduction | D6: Trust, Security & Reliability | E6: Basic (Free) | F6: Q1 FY26 | G6: 1 | H6: UI only
B7: Password update prompts for web and native app when biometric auth not enabled | C7: New Function Introduction | D7: Trust, Security & Reliability | E7: Basic (Free) | F7: Q2 FY26 | G7: 1 | H7: UI only
B8: Thermostat brightness control | C8: New Technical Integration | D8: Trust, Security & Reliability | E8: Basic (Free) | F8: Q3 FY26 | G8: 2 | H8: UI + Data
A9: Performance Analytics | B9: Embed analytics into all features to measure delivered value | C9: New Feature Introduction | D9: Intelligence & Automation | E9: Basic (Free) | F9: Q2 FY26 | G9: 1 | H9: UI + Data
B10: Feature impact analytics combined with qualitative feedback | C10: New Feature Introduction | D10: Intelligence & Automation | E10: Basic (Free) | F10: Q2 FY26 | G10: 1 | H10: UI + Data
B11: Monitor feature adoption and engagement (usage frequency, conversion rates) | C11: New Feature Introduction | D11: Intelligence & Automation | E11: Basic (Free) | F11: Q2 FY26 | G11: 1 | H11: UI + Data
B12: Data‑driven roadmap iteration based on analytics | C12: New Feature Introduction | D12: Intelligence & Automation | E12: Basic (Free) | F12: Q2 FY26 | G12: 1 | H12: UI + Data
A13: User Experience | B13: In-app contextual guidance (tooltips, walkthroughs) | C13: New Feature Introduction | D13: Ease of Use & Accessibility | E13: Basic (Free) | F13: Q1 FY26 | G13: 1 | H13: UI only
B14: Navigation ease (buttons, fonts, usability, speed, back buttons, skins) | C14: New Feature Introduction | D14: Ease of Use & Accessibility | E14: Basic (Free) | F14: Q1 FY26 | G14: 1 | H14: UI only
B15: Hide unavailable features | C15: New Feature Introduction | D15: Ease of Use & Accessibility | E15: Basic (Free) | F15: Q1 FY26 | G15: 1 | H15: UI only
B16: Iconography (fan running, away mode, fuel source, system mode) | C16: New Feature Introduction | D16: Ease of Use & Accessibility | E16: Basic (Free) | F16: Q1 FY26 | G16: 1 | H16: UI only
B17: Notify and explain abnormal activity to users | C17: New Feature Introduction | D17: Trust, Security & Reliability | E17: Basic (Free) | F17: Q2 FY26 | G17: 1 | H17: UI + Data
B18: Error codes explained in layman’s terms | C18: New Feature Introduction | D18: Trust, Security & Reliability | E18: Basic (Free) | F18: Q2 FY26 | G18: 1 | H18: UI + Data
B19: AI chat capability: Natural language, contextual navigation | C19: New Function Introduction | D19: Intelligence & Automation | E19: Basic (Free) | F19: FY27+ | G19: 3 | H19: UI + Data + Algorithm
B20: AI chat capability: Proactive suggestions | C20: New Function Introduction | D20: Intelligence & Automation | E20: Paid | F20: FY27+ | G20: 3 | H20: UI + Data + Algorithm
B21: Ratings pop‑up every 3 months with “Do not show again” option | C21: New Feature Introduction | D21: Engagement & Personalization | E21: Basic (Free) | F21: Q2 FY26 | G21: 2 | H21: UI + Data
B22: Ability for users to submit feature requests intuitively | C22: New Feature Introduction | D22: Engagement & Personalization | E22: Basic (Free) | F22: Q1 FY26 | G22: 1 | H22: UI + Data
B23: Animated blue butterfly interaction | C23: New Feature Introduction | D23: Engagement & Personalization | E23: Basic (Free) | F23: FY27+ | G23: 3 | H23: UI only
B24: Visual avatar for AI assistant | C24: New Feature Introduction | D24: Engagement & Personalization | E24: Basic (Free) | F24: FY27+ | G24: 3 | H24: UI only
B25: Gamified experience (earn butterflies, unlock rewards) | C25: New Feature Introduction | D25: Engagement & Personalization | E25: Basic (Free) | F25: FY27+ | G25: 3 | H25: UI + Data
... B28: Energy‑efficient mode indicator (Nest‑like green leaf) | C28: New Feature Introduction | D28: Energy & Sustainability | E28: Basic (Free) | F28: Q3 FY26 | G28: 2 | H28: UI + Data
A29: Support and Maintenance | B29: Browsers (for web app when launched): Chrome, Firefox, Safari, Edge | C29: Sustaining | D29: Trust, Security & Reliability | E29: Basic (Free) | F29: FY26 (ongoing) | G29: 1 | H29: UI only
B30: Mobile OS Version: iOS, Android | C30: Sustaining | D30: Trust, Security & Reliability | E30: Basic (Free) | F30: FY26 (ongoing) | G30: 1 | H30: UI only
B31: Devices: iOS, Android | C31: Sustaining | D31: Trust, Security & Reliability | E31: Basic (Free) | F31: FY26 (ongoing) | G31: 1 | H31: UI only
A32: Remote Control | B32: Lock and unlock thermostat | C32: New Feature Introduction | D32: Trust, Security & Reliability | E32: Basic (Free) | F32: Q2 FY26 | G32: 1 | H32: UI + Data
B33: Remote system performance monitoring | C33: New Feature Introduction | D33: Trust, Security & Reliability | E33: Basic (Free) | F33: Q3 FY26 | G33: 2 | H33: UI + Data
B34: Adjust temperature remotely | C34: New Feature Introduction | D34: Comfort & Health | E34: Basic (Free) | F34: Q2 FY26 | G34: 2 | H34: UI + Data
B35: Schedule setup and modification (daily, seasonal, vacation) | C35: New Feature Introduction | D35: Comfort & Health | E35: Basic (Free) | F35: Q4 FY26 | G35: 2 | H35: UI + Data
B36: Allow scheduling in Cool‑only or Heat‑only mode | C36: New Feature Introduction | D36: Comfort & Health | E36: Basic (Free) | F36: Q3 FY26 | G36: 2 | H36: UI + Data
B37: Resume / override schedule behavior | C37: New Feature Introduction | D37: Comfort & Health | E37: Basic (Free) | F37: Q3 FY26 | G37: 2 | H37: UI + Data
B38: Fan speed control for mini‑splits (auto for unitary systems) | C38: New Function Introduction | D38: Comfort & Health | E38: Basic (Free) | F38: Q4 FY26 | G38: 2 | H38: UI + Data
B39: Fan circulation scheduling (hours per day) | C39: New Feature Introduction | D39: Comfort & Health | E39: Basic (Free) | F39: Q4 FY26 | G39: 2 | H39: UI + Data
B40: Increase scheduling limit beyond 4/day | C40: New Feature Introduction | D40: Ease of Use & Accessibility | E40: Basic (Free) | F40: Q3 FY26 | G40: 2 | H40: UI + Data
A41: Smart Home & Device Integration | B41: Alexa integration | C41: New Technical Integration | D41: Ease of Use & Accessibility | E41: Basic (Free) | F41: Q1 FY26 | G41: 1 | H41: UI + Data
B42: Google Assistant integration | C42: New Technical Integration | D42: Ease of Use & Accessibility | E42: Basic (Free) | F42: Q1 FY26 | G42: 1 | H42: UI + Data
B43: Apple HomeKit integration | C43: New Technical Integration | D43: Ease of Use & Accessibility | E43: Basic (Free) | F43: FY27+ | G43: 3 | H43: UI + Data
B44: Celsius temperature support (Canada) | C44: New Feature Introduction | D44: Ease of Use & Accessibility | E44: Basic (Free) | F44: Q2 FY26 | G44: 2 | H44: UI only
B45: Smartwatch support | C45: New Feature Introduction | D45: Ease of Use & Accessibility | E45: Basic (Free) | F45: FY27+ | G45: 3 | H45: UI only
B46: Tablet support | C46: New Feature Introduction | D46: Ease of Use & Accessibility | E46: Basic (Free) | F46: FY27+ | G46: 3 | H46: UI only
B47: Desktop web access | C47: New Function Introduction | D47: Ease of Use & Accessibility | E47: Basic (Free) | F47: FY27+ | G47: 3 | H47: UI + Data
B48: Branded voice assistant: Voice command inpuit & Spoken responses | C48: New Feature Introduction | D48: Intelligence & Automation | E48: Basic (Free) | F48: FY27+ | G48: 3 | H48: UI + Data + Algorithm
B49: Branded voice assistant: Proactive voice driven intelligence & actions | C49: New Function Introduction | D49: Intelligence & Automation | E49: Paid | F49: FY27+ | G49: 3 | H49: UI + Data + Algorithm
B50: Security Sync – HVAC off when doors/windows open or system armed | C50: New Function Introduction | D50: Energy & Sustainability | E50: Paid | F50: FY27+ | G50: 3 | H50: UI + Data + Algorithm
B51: Sleep Sync – integrate sleep trackers for optimal temperature | C51: New Function Introduction | D51: Comfort & Health | E51: Paid | F51: FY27+ | G51: 3 | H51: UI + Data + Algorithm
B52: Support RAQA product line | C52: New Product Integration | D52: Ease of Use & Accessibility | E52: Basic (Free) | F52: Q4 FY26 | G52: 2 | H52: UI + Data
B53: IAQ product integration | C53: New Technical Integration | D53: Comfort & Health | E53: Basic (Free) | F53: FY27+ | G53: 3 | H53: UI + Data
A54: Home Energy Reports | B54: Temperature & humidity trend views (real‑time, daily, weekly, monthly) | C54: New Feature Introduction | D54: Comfort & Health | E54: Basic (Free) | F54: Q4 FY26 | G54: 3 | H54: UI + Data
B55: System mode visibility (current & historical): a) Equipment usage tracking (heat pump, furnace, aux heat) b) Outdoor temperature & humidity c) Indoor temperature & humidity d) System setting (cool / heat) e) Fan status (on/off) | C55: New Feature Introduction | D55: Trust, Security & Reliability | E55: Basic (Free) | F55: Q4 FY26 | G55: 2 | H55: UI + Data
B56: Filter change alerts (time‑based) | C56: New Feature Introduction | D56: Trust, Security & Reliability | E56: Basic (Free) | F56: Q2 FY26 | G56: 1 | H56: UI + Data
B57: Filter change alerts (runtime‑based) | C57: New Feature Introduction | D57: Trust, Security & Reliability | E57: Basic (Free) | F57: Q4 FY26 | G57: 2 | H57: UI + Data
B58: Service and tune‑up recommendations | C58: New Feature Introduction | D58: Trust, Security & Reliability | E58: Basic (Free) | F58: Q4 FY26 | G58: 2 | H58: UI + Data
B59: Historical energy comparisons (MoM, YoY – gas & electric) | C59: New Feature Introduction | D59: Energy & Sustainability | E59: Basic (Free) | F59: Q3 FY26 | G59: 2 | H59: UI + Data
B60: Deep analysis in enegy comparisons (i.e. weather impact) | C60: New Feature Introduction | D60: Energy & Sustainability | F60: FY27+ | G60: 3 | H60: UI + Data
B61: Runtime analysis (inverter vs non‑inverter simulation) | C61: New Function Introduction | D61: Energy & Sustainability | E61: Basic (Free) | F61: FY27+ | G61: 3 | H61: UI + Data + Algorithm
B62: Peer home energy comparison | C62: New Function Introduction | D62: Energy & Sustainability | E62: Basic (Free) | F62: FY27+ | G62: 3 | H62: UI + Data + Algorithm
B63: Energy savings vs. non‑heat‑pump systems | C63: New Function Introduction | D63: Energy & Sustainability | E63: Basic (Free) | F63: FY27+ | G63: 3 | H63: UI + Data + Algorithm
B64: Actionable savings recommendations (cost & carbon): a) Optimal thermostat settings based on weather, pricing, rate plans b) Optimal dual‑fuel switchover temperature | C64: New Function Introduction | D64: Energy & Sustainability | E64: Paid | F64: FY27+ | G64: 3 | H64: UI + Data + Algorithm
B65: Solar and battery integration insights | C65: New Function Introduction | D65: Energy & Sustainability | E65: Paid | F65: FY27+ | G65: 3 | H65: UI + Data + Algorithm
B66: Low‑cost efficiency measures (LEDs, etc.) | C66: New Function Introduction | D66: Energy & Sustainability | E66: Basic (Free) | F66: FY27+ | G66: 2 | H66: UI + Data + Algorithm
A67: Adaptive learning | B67: Seasonal adjustments for peak energy periods | C67: New Function Introduction | D67: Energy & Sustainability | E67: Paid | F67: FY27+ | G67: 3 | H67: UI + Data + Algorithm
B68: Time‑of‑Use optimization | C68: New Function Introduction | D68: Energy & Sustainability | E68: Paid | F68: FY27+ | G68: 3 | H68: UI + Data + Algorithm
B69: Predictive preconditioning using weather and calendar | C69: New Function Introduction | D69: Intelligence & Automation | E69: Paid | F69: FY27+ | G69: 3 | H69: UI + Data + Algorithm
B70: Smart routines based on behavior | C70: New Function Introduction | D70: Intelligence & Automation | E70: Paid | F70: FY27+ | G70: 3 | H70: UI + Data + Algorithm
B71: Automatic humidification adjustment | C71: New Function Introduction | D71: Comfort & Health | E71: Paid | F71: FY27+ | G71: 3 | H71: UI + Data + Algorithm
A72: Away & Geofencing | B72: Automatic energy‑saving mode when away | C72: New Feature Introduction | D72: Energy & Sustainability | E72: Basic (Free) | F72: Q4 FY26 | G72: 2 | H72: UI + Data
B73: Multi‑user presence support | C73: New Function Introduction | D73: Intelligence & Automation | E73: Paid | F73: FY27+ | G73: 3 | H73: UI + Data + Algorithm
B74: Handle connectivity limitations (Wi‑Fi / cellular) | C74: Sustaining | D74: Trust, Security & Reliability | E74: Basic (Free) | F74: Q3 FY26 | G74: 2 | H74: UI + Data
B75: OS background app constraints (iOS / Android) | C75: Sustaining | D75: Trust, Security & Reliability | E75: Basic (Free) | F75: Q3 FY26 | G75: 2 | H75: UI + Data
A76: Room & Zone Intelligence | B76: Room RHT sensors: Average temperature across RHTs | C76: New Feature Introduction | D76: Comfort & Health | E76: Basic (Free) | F76: Q3 FY26 | G76: 2 | H76: UI + Data
B77: Room RHT sensors: Per‑room temperature auto control via RHT | C77: New Feature Introduction | D77: Comfort & Health | E77: Paid | F77: Q3 FY26 | G77: 2 | H77: UI + Data + Algorithm
B78: Zoned comfort control: Dynamic damper control | C78: New Feature Introduction | D78: Comfort & Health | E78: Basic (Free) | F78: Q3 FY26 | G78: 2 | H78: UI + Data
B79: Pet Mode temperature auto control | C79: New Feature Introduction | D79: Comfort & Health | E79: Paid | F79: FY27+ | G79: 3 | H79: UI + Data + Algorithm
B80: Zoned comfort auto control: Occupancy‑based zoning | C80: New Function Introduction | D80: Energy & Sustainability | E80: Paid | F80: FY27+ | G80: 3 | H80: UI + Data + Algorithm
A81: Demand Response | B81: Utility demand response participation during peak events | C81: New Interoperability Capability | D81: Energy & Sustainability | E81: Paid | F81: FY27+ | G81: 3 | H81: UI + Data + Algorithm
A82: Smart Maintenance & Diagnostics | B82: Predictive failure detection and service suggestions | C82: New Feature Introduction | D82: Trust, Security & Reliability | E82: Paid | F82: FY27+ | G82: 3 | H82: UI + Data + Algorithm
B83: Self‑diagnosis (usage and system health) | C83: New Feature Introduction | D83: Trust, Security & Reliability | E83: Paid | F83: Q4 FY26 | G83: 2 | H83: UI + Data
B84: Automated issue reporting to homeowner and dealer | C84: New Feature Introduction | D84: Trust, Security & Reliability | E84: Paid | F84: Q4 FY26 | G84: 2 | H84: UI + Data
B85: Filter health monitoring (includes filter replacement plan) | C85: New Feature Introduction | D85: Trust, Security & Reliability | E85: Paid | F85: Q4 FY26 | G85: 2 | H85: UI + Data
B86: Heating / cooling anomaly detection | C86: New Feature Introduction | D86: Trust, Security & Reliability | E86: Paid | F86: FY27+ | G86: 3 | H86: UI + Data + Algorithm
A87: Mood & Activity‑Based Control | B87: Mood detection via wearables or voice tone | C87: New Function Introduction | D87: Intelligence & Automation | E87: Paid | F87: FY27+ | G87: 3 | H87: UI + Data + Algorithm
B88: Activity‑based settings (party, workout, etc.) | C88: New Function Introduction | D88: Intelligence & Automation | E88: Paid | F88: FY27+ | G88: 3 | H88: UI + Data + Algorithm
A89: Solar & System Protection | B89: Solar Sync – HVAC optimization based on solar production | C89: New Function Introduction | D89: Energy & Sustainability | E89: Paid | F89: FY27+ | G89: 3 | H89: UI + Data + Algorithm
A90: Product & Warranty | B90: Automatic warranty registration | C90: New Feature Introduction | D90: Trust, Security & Reliability | E90: Basic (Free) | F90: Q4 FY26 | G90: 2 | H90: UI + Data
B91: Access to purchased products | C91: New Feature Introduction | D91: Trust, Security & Reliability | E91: Basic (Free) | F91: Q4 FY26 | G91: 2 | H91: UI + Data
B92: Access to warranty certificates | C92: New Feature Introduction | D92: Trust, Security & Reliability | E92: Basic (Free) | F92: Q4 FY26 | G92: 2 | H92: UI + Data
A93: Customization & Accessibility | B93: Custom skins and themes | C93: New Feature Introduction | D93: Engagement & Personalization | E93: Basic (Free) | F93: FY27+ | G93: 2 | H93: UI only
B94: Multi‑language app support | C94: New Feature Introduction | D94: Ease of Use & Accessibility | E94: Basic (Free) | F94: Q3 FY26 | G94: 2 | H94: UI only
B95: Accessibility mode for visually impaired and elderly users | C95: New Feature Introduction | D95: Ease of Use & Accessibility | E95: Basic (Free) | F95: FY27+ | G95: 3 | H95: UI only
B96: Widgets - Desktop, Smart-TV, Smart-Fridge etc? | E96: =COUNTIF(E2:E95,"Paid") -> 24 | H96: =COUNTIF(H2:H95,"Paid") -> 0
B98: Initiative Type | C98: Owner | D98: Count | E98: Count % | G98: Count % | H98: Count %
B99: New Product Integration | C99: Engineering | D99: =COUNTIF(C2:C95,"New Product Integration") -> 1 | E99: =D99/94 -> 0.010638298 | G99: =E99/94 -> 0.00011317338 | H99: =G99/94 -> 1.2039721e-06
B100: New Technical Integration | C100: Engineering | D100: =COUNTIF(C2:C95,"New Technical Integration") -> 5 | E100: =D100/94 -> 0.053191489 | G100: =E100/94 -> 0.00056586691 | H100: =G100/94 -> 6.0198607e-06
B101: New Interoperability Capability | C101: Engineering, Digital Apps & Services | D101: =COUNTIF(C2:C95,"New Interoperability Capability") -> 1 | E101: =D101/94 -> 0.010638298 | G101: =E101/94 -> 0.00011317338 | H101: =G101/94 -> 1.2039721e-06
B102: New Feature Introduction | C102: Digital Apps & Services | D102: =COUNTIF(C2:C95,"New Feature Introduction") -> 56 | E102: =D102/94 -> 0.59574468 | G102: =E102/94 -> 0.0063377094 | H102: =G102/94 -> 6.742244e-05
B103: New Function Introduction | C103: Digital Apps & Services | D103: =COUNTIF(C2:C95,"New Function Introduction") -> 26 | E103: =D103/94 -> 0.27659574 | G103: =E103/94 -> 0.0029425079 | H103: =G103/94 -> 3.1303276e-05
...

Sheet Definitions
A1: Priority
A2: 1 | B2: Must‑have / Activation & Trust driver (near‑term business impact)
A3: 2 | B3: Differentiation & Monetization enabler (mid‑term)
A4: 3 | B4: Future / Advanced intelligence (longer‑term leverage)
A6: Development
A7: UI only | B7: Uses existing system state and values for display and interaction only. No backend data aggregation, rules, thresholds, interpretation, or decisioning.
A8: UI + Data | B8: Uses existing datasets with backend handling such as aggregation, correlation, rules, or thresholds. May also include new datasets sourced via external APIs, but no prediction, learning, or optimization logic.
A9: UI + Data + Algorithm | B9: Uses data plus decisioning logic to recommend, automate, predict, or optimize outcomes. Includes: - Business‑logic algorithms (rules, heuristics, deterministic logic) - R&D‑level algorithms (product based optimizations, etc.)
